ALDOC,CAAAC
AP2B1,CCAAC
APOE,CGAAC
AQP4,CTAAC
BRINP1,CACAC
BSG,CCCAC
C1QA,CGCAC
C1QL3,CTCAC
C4B,CAGAC
CACNG4,CCGAC
CALM1,CGGAC
CAMK4,CTGAC
CCNB2,CATAC
CD63,CCTAC
CD83,CGTAC
CD9,CTTAC
CDKN1A,CAACC
CLDN11,CCACC
CLEC7A,CGACC
CNR1,CTACC
CPLX1,CACCC
CST3,CCCCC
CST7,CGCCC
CTSB,CTCCC
CTSL,CAGCC
CTSS,CCGCC
CUX2,CGGCC
DDIT3,CTGCC
FLT1,CATCC
GABRA1,CCTCC
GAD1,CGTCC
GFAP,CTTCC
GPM6A,CAAGC
GPR17,CCAGC
GPR34,CGAGC
GRIN2B,CTAGC
HTRA1,CACGC
KLK6,CCCGC
LAMP5,CGCGC
MBP,CTCGC
MYH11,CAGGC
MYO5A,CCGGC
NPY,CGGGC
P2RY12,CTGGC
PCDH9,CATGC
PCP4,CCTGC
PDGFRA,CGTGC
PLP1,CTTGC
PRKCE,CAATC
PVALB,CCATC
RHOC,CGATC
RPH3A,CTATC
SERPINA3N,CACTC
SLC17A7,CCCTC
SRRM2,CGCTC
SST,CTCTC
TGFBR1,CAGTC
TMSB4X,CCGTC
TREM2,CGGTC
TSHZ2,CTGTC
TSPAN7,CATTC
VIM,CCTTC
VIP,CGTTC
VTN,CTTTC